{
  "nodes": {
    "zip_dir#2": {
      "contentWidth": 450,
      "rfNode": {
        "position": {
          "x": -538.2683747233835,
          "y": 610.5431864582555
        }
      }
    },
    "zip_file#2": {
      "contentWidth": 450,
      "rfNode": {
        "position": {
          "x": 60.466976418295474,
          "y": 630.6353218753951
        }
      }
    }
  }
}